"node_id","owner_kind","owner_id","target_skill_id","node_kind","handler_id","sort_order","enabled_by_default","requires_active_choice_id","excludes_active_choice_id","requires_passive_skill_id","excludes_passive_skill_id","runtime_support_state","runtime_support_notes"
"string","enum","string","string","enum","string","int","bool","string","string","string","string","string","string"
"rin-d-execute-condition","Skill","rin-d","rin-d","CastCondition","TargetHealthRatioCondition","100","true","","","","","RuntimeImplemented","Phase C migration from monster_skills execute threshold wide columns"
"rin-d-execute-multiplier","Skill","rin-d","rin-d","DamageModifier","ExecuteDamageMultiplier","110","true","","","","","RuntimeImplemented","Phase C migration from monster_skills execute_damage_multiplier"
"rin-d-boss-multiplier","Skill","rin-d","rin-d","DamageModifier","TargetPredicateDamageMultiplier","120","true","","","","","RuntimeImplemented","Phase C guard coverage for boss multiplier handler with legacy default value"
"rin-d-kill-cooldown-refund","Skill","rin-d","rin-d","OnKillAction","CooldownRefund","130","true","","","","","RuntimeImplemented","Phase C migration from monster_skills kill_cooldown_refund_ratio"
"ariel-a-trait-1-damage-multiplier","Choice","ariel-a-trait-1","ariel-a","DamageModifier","DamageMultiplier","200","true","","","","","RuntimeImplemented","Phase D migration from monster_skill_choices damage_multiplier"
"ariel-b-trait-3-cooldown-multiplier","Choice","ariel-b-trait-3","ariel-b","Action","CooldownMultiplier","200","true","","","","","RuntimeImplemented","Phase D migration from monster_skill_choices cooldown_multiplier"
"ariel-c-trait-4-radius-multiplier","Choice","ariel-c-trait-4","ariel-c","Action","RadiusMultiplier","200","true","","","","","RuntimeImplemented","Phase D migration from monster_skill_choices radius_multiplier"
"rin-d-trait-2-execute-threshold-bonus","Choice","rin-d-trait-2","rin-d","CastCondition","TargetHealthRatioThresholdBonus","200","true","","","","","RuntimeImplemented","Phase D migration from monster_skill_choices execute_health_ratio_bonus"
"rin-d-master-1-execute-crit-bonus","Choice","rin-d-master-1","rin-d","CritModifier","ExecuteCritChanceBonus","200","true","","","","","RuntimeImplemented","Phase D migration from monster_skill_choices execute_crit_chance_bonus"
"rin-d-master-1-kill-reset","Choice","rin-d-master-1","rin-d","OnKillAction","CooldownReset","210","true","","","","","RuntimeImplemented","Phase D migration from monster_skill_choices kill_resets_cooldown"
"rin-d-trait-5-boss-multiplier","Choice","rin-d-trait-5","rin-d","DamageModifier","TargetPredicateDamageMultiplier","200","true","","","","","RuntimeImplemented","Phase D migration from monster_skill_choices boss_damage_multiplier"
"rin-d-trait-3-kill-refund-bonus","Choice","rin-d-trait-3","rin-d","OnKillAction","CooldownRefundBonus","200","true","","","","","RuntimeImplemented","Phase D migration from monster_skill_choices kill_cooldown_refund_ratio_bonus"
"rin-a-master-2-additional-damage","Choice","rin-a-master-2","rin-a","OnHitAction","AdditionalDamage","200","true","","","","","RuntimeImplemented","Phase D migration from monster_skill_choices on_hit_additional_damage_*"
"rin-a-master-2-chain-damage","Choice","rin-a-master-2","rin-a","OnHitAction","EveryNthHitChainDamage","210","true","","","","","RuntimeImplemented","Phase D migration from monster_skill_choices on_hit_chain_*"
"vega-d-master-1-damage-multiplier","Choice","vega-d-master-1","vega-d","DamageModifier","DamageMultiplier","200","true","","","","","RuntimeImplemented","Phase D migration from monster_skill_choices damage_multiplier"
"vega-d-master-1-repeat-per-target","Choice","vega-d-master-1","vega-d","Action","RepeatPerTarget","210","true","","","","","RuntimeImplemented","Phase D migration from monster_skill_choices repeat_*"
"vega-e-trait-4-conditional-crit","Choice","vega-e-trait-4","vega-e","CritModifier","TargetStatusCritBonus","200","true","","","","","RuntimeImplemented","Phase D migration from monster_skill_choices conditional_crit_*"
"vega-e-trait-5-redistribute-consumed-status","Choice","vega-e-trait-5","vega-e","OnKillAction","RedistributeConsumedStatus","200","true","","","","","RuntimeImplemented","Phase D migration from monster_skill_choices redistribute_consumed_status_*"
"ariel-a-trait-2-magazine-bonus","Choice","ariel-a-trait-2","","Action","MagazineBonus","200","true","","","","","RuntimeImplemented","Ariel effect-object pilot: numeric choice modifier moved from wide CSV field to reusable node handler."
"ariel-a-trait-3-reload-time-multiplier","Choice","ariel-a-trait-3","","Action","ReloadTimeMultiplier","200","true","","","","","RuntimeImplemented","Ariel effect-object pilot: numeric choice modifier moved from wide CSV field to reusable node handler."
"ariel-a-trait-4-pierce-bonus","Choice","ariel-a-trait-4","","Action","PierceBonus","200","true","","","","","RuntimeImplemented","Ariel effect-object pilot: numeric choice modifier moved from wide CSV field to reusable node handler."
"ariel-a-trait-5-count-shield-damage","Choice","ariel-a-trait-5","","DamageModifier","CountStatusDamageMultiplier","200","true","","","","","RuntimeImplemented","Ariel effect-object pilot: numeric choice modifier moved from wide CSV field to reusable node handler."
"ariel-b-trait-1-shield-amount-multiplier","Choice","ariel-b-trait-1","","Action","ShieldAmountMultiplier","200","true","","","","","RuntimeImplemented","Migrated from generic damage multiplier to shield amount multiplier for Ariel shield composition."
"ariel-b-trait-2-duration-bonus","Choice","ariel-b-trait-2","","Action","DurationBonus","200","true","","","","","RuntimeImplemented","Ariel effect-object pilot: numeric choice modifier moved from wide CSV field to reusable node handler."
"ariel-b-master-1-shield-amount-multiplier","Choice","ariel-b-master-1","","Action","ShieldAmountMultiplier","200","true","","","","","RuntimeImplemented","Migrated from generic damage multiplier to shield amount multiplier for Ariel shield composition."
"ariel-b-master-1-ailment-resistance","Choice","ariel-b-master-1","","Action","StatusAilmentResistanceBonus","200","true","","","","","RuntimeImplemented","Ariel effect-object pilot: numeric choice modifier moved from wide CSV field to reusable node handler."
"ariel-c-trait-1-damage-multiplier","Choice","ariel-c-trait-1","","DamageModifier","DamageMultiplier","200","true","","","","","RuntimeImplemented","Ariel effect-object pilot: numeric choice modifier moved from wide CSV field to reusable node handler."
"ariel-c-trait-3-duration-bonus","Choice","ariel-c-trait-3","","Action","DurationBonus","200","true","","","","","RuntimeImplemented","Ariel effect-object pilot: numeric choice modifier moved from wide CSV field to reusable node handler."
"ariel-d-trait-1-damage-multiplier","Choice","ariel-d-trait-1","","DamageModifier","DamageMultiplier","200","true","","","","","RuntimeImplemented","Ariel effect-object pilot: numeric choice modifier moved from wide CSV field to reusable node handler."
"ariel-d-trait-2-status-element-damage-taken","Choice","ariel-d-trait-2","","Action","StatusElementDamageTakenBonus","200","true","","","","","RuntimeImplemented","Ariel effect-object pilot: numeric choice modifier moved from wide CSV field to reusable node handler."
"ariel-d-trait-3-duration-bonus","Choice","ariel-d-trait-3","","Action","DurationBonus","200","true","","","","","RuntimeImplemented","Ariel effect-object pilot: numeric choice modifier moved from wide CSV field to reusable node handler."
"ariel-d-trait-4-damage-multiplier","Choice","ariel-d-trait-4","","DamageModifier","DamageMultiplier","200","true","","","","","RuntimeImplemented","Ariel effect-object pilot: numeric choice modifier moved from wide CSV field to reusable node handler."
"ariel-d-trait-5-shield-source-damage-taken","Choice","ariel-d-trait-5","","Action","StatusConditionalDamageTakenBonus","200","true","","","","","RuntimeImplemented","Ariel effect-object pilot: numeric choice modifier moved from wide CSV field to reusable node handler."
"ariel-e-trait-1-damage-multiplier","Choice","ariel-e-trait-1","","DamageModifier","DamageMultiplier","200","true","","","","","RuntimeImplemented","Ariel effect-object pilot: numeric choice modifier moved from wide CSV field to reusable node handler."
"ariel-e-trait-3-cooldown-multiplier","Choice","ariel-e-trait-3","","Action","CooldownMultiplier","200","true","","","","","RuntimeImplemented","Ariel effect-object pilot: numeric choice modifier moved from wide CSV field to reusable node handler."
"ariel-e-trait-5-duration-bonus","Choice","ariel-e-trait-5","","Action","DurationBonus","200","true","","","","","RuntimeImplemented","Ariel effect-object pilot: numeric choice modifier moved from wide CSV field to reusable node handler."
"ariel-e-master-2-damage-multiplier","Choice","ariel-e-master-2","","DamageModifier","DamageMultiplier","200","true","","","","","RuntimeImplemented","Ariel effect-object pilot: numeric choice modifier moved from wide CSV field to reusable node handler."
"ariel-f-trait-1-damage-multiplier","Choice","ariel-f-trait-1","","DamageModifier","DamageMultiplier","200","true","","","","","RuntimeImplemented","Ariel effect-object pilot: numeric choice modifier moved from wide CSV field to reusable node handler."
"ariel-f-trait-2-magazine-bonus","Choice","ariel-f-trait-2","","Action","MagazineBonus","200","true","","","","","RuntimeImplemented","Ariel effect-object pilot: numeric choice modifier moved from wide CSV field to reusable node handler."
"ariel-h-trait-1-damage-multiplier","Choice","ariel-h-trait-1","","DamageModifier","DamageMultiplier","200","true","","","","","RuntimeImplemented","Ariel effect-object pilot: numeric choice modifier moved from wide CSV field to reusable node handler."
"ariel-h-trait-2-cooldown-multiplier","Choice","ariel-h-trait-2","","Action","CooldownMultiplier","200","true","","","","","RuntimeImplemented","Ariel effect-object pilot: numeric choice modifier moved from wide CSV field to reusable node handler."
"ariel-h-trait-3-duration-bonus","Choice","ariel-h-trait-3","","Action","DurationBonus","200","true","","","","","RuntimeImplemented","Ariel effect-object pilot: numeric choice modifier moved from wide CSV field to reusable node handler."
"ariel-i-trait-1-damage-multiplier","Choice","ariel-i-trait-1","","DamageModifier","DamageMultiplier","200","true","","","","","RuntimeImplemented","Ariel effect-object pilot: numeric choice modifier moved from wide CSV field to reusable node handler."
"ariel-i-trait-2-cooldown-multiplier","Choice","ariel-i-trait-2","","Action","CooldownMultiplier","200","true","","","","","RuntimeImplemented","Ariel effect-object pilot: numeric choice modifier moved from wide CSV field to reusable node handler."
"ariel-j-trait-2-damage-multiplier","Choice","ariel-j-trait-2","","DamageModifier","DamageMultiplier","200","true","","","","","RuntimeImplemented","Ariel effect-object pilot: numeric choice modifier moved from wide CSV field to reusable node handler."
"ariel-j-trait-3-cooldown-multiplier","Choice","ariel-j-trait-3","","Action","CooldownMultiplier","200","true","","","","","RuntimeImplemented","Ariel effect-object pilot: numeric choice modifier moved from wide CSV field to reusable node handler."
"ariel-c-trait-2-blessing-action-speed","Choice","ariel-c-trait-2","","Action","StatusActionSpeedBonus","200","true","","","","","RuntimeImplemented","Ariel C pilot: trait 2 now targets blessing status action speed via reusable node handler."
"ariel-e-trait-2-shield-amount-multiplier","Choice","ariel-e-trait-2","ariel-e","Action","ShieldAmountMultiplier","22","true","","","","","RuntimeImplemented","Ariel E trait2 shield amount is composed through the base E shield effect."
"ariel-e-master-2-shield-amount-multiplier","Choice","ariel-e-master-2","ariel-e","Action","ShieldAmountMultiplier","82","true","","","","","RuntimeImplemented","Ariel E master2 keeps damage multiplier separate and lowers shield amount through a shield-only multiplier."
