"path","is_editor_test","meta_path","guid","sha256","namespaces","declared_types"
"Pakuri/Assets/Scripts/NewCore/Combat/Actions/EnemyActionController.cs","False","Pakuri/Assets/Scripts/NewCore/Combat/Actions/EnemyActionController.cs.meta","6822b61d2d7f6634aa7900a824452729","241458c0fef6fc652eaf1031eb3fc8f2a78ac9c8c346a76eca9779f037ba8079","Pakuri.NewCore.Combat.Actions","EnemyActionController"
"Pakuri/Assets/Scripts/NewCore/Combat/Actions/InGameActionManager.cs","False","Pakuri/Assets/Scripts/NewCore/Combat/Actions/InGameActionManager.cs.meta","04e7cf27d90a7704da82aef999a2e1eb","5c95482f3b70e0224d6ca12c51624cc0ae3f24147d407aabbfa25b3150b0116f","Pakuri.NewCore.Combat.Actions","CombatTickStep;InGameActionManager"
"Pakuri/Assets/Scripts/NewCore/Combat/Actions/MonsterActionController.cs","False","Pakuri/Assets/Scripts/NewCore/Combat/Actions/MonsterActionController.cs.meta","970c313802d2cbf40ba981db90f71d56","9685b3e0200f94c5b6ce1417160d52c49642dd8f0d80d681399d0fbfb64e1e4a","Pakuri.NewCore.Combat.Actions","MonsterActionController"
"Pakuri/Assets/Scripts/NewCore/Combat/Actions/PlayerInputController.cs","False","Pakuri/Assets/Scripts/NewCore/Combat/Actions/PlayerInputController.cs.meta","88a6c463d98613046af6c61ef63295a5","6285019ae009b6536dbea1cebfdf91fe67fa1add574730d15684f33a633d9118","Pakuri.NewCore.Combat.Actions","ManualInputPhase;PlayerInputController"
"Pakuri/Assets/Scripts/NewCore/Combat/Actions/UnitActionController.cs","False","Pakuri/Assets/Scripts/NewCore/Combat/Actions/UnitActionController.cs.meta","6b5db7592f6d6da4ab53ba577ab7dccc","830367f88deec13f7c878ccba90cef12724c64807ce649d3161a66fdb0a3767b","Pakuri.NewCore.Combat.Actions","UnitActionController"
"Pakuri/Assets/Scripts/NewCore/Combat/Actions/UnitMovementController.cs","False","Pakuri/Assets/Scripts/NewCore/Combat/Actions/UnitMovementController.cs.meta","e74a2973c07faa346aea2f29f8c0ce94","b595ec669e137bcea4e65afd5f5f80b3e2d600158e3ed7c2fb1902352c04e2e9","Pakuri.NewCore.Combat.Actions","UnitMovementController"
"Pakuri/Assets/Scripts/NewCore/Combat/Effects/EffectManager.cs","False","Pakuri/Assets/Scripts/NewCore/Combat/Effects/EffectManager.cs.meta","3e7abfd4837c1224b8c1ef68a8ecb800","188bf0f41ce60473a2ba595f4ab3eb5f6a7769a0796ac68847fe2a63d40a14db","Pakuri.NewCore.Combat.Effects","EffectHandle;EffectManager"
"Pakuri/Assets/Scripts/NewCore/Combat/InGameCombatManager.cs","False","Pakuri/Assets/Scripts/NewCore/Combat/InGameCombatManager.cs.meta","774907b9626032840ba090045abd0b63","01e157bbdec73763f2f5f67b3145965b8373a4ae23549f9912e13e997dae123b","Pakuri.NewCore.Combat","InGameCombatManager"
"Pakuri/Assets/Scripts/NewCore/Combat/Skills/Actors/AreaAttackActor.cs","False","Pakuri/Assets/Scripts/NewCore/Combat/Skills/Actors/AreaAttackActor.cs.meta","0c805f03c952c2b468fbb5144f3315a1","a48333e07997b1156b85a5d10a92f14f73a4f6af624c2d16db7303ab09e149d6","Pakuri.NewCore.Combat.Skills.Actors","AreaAttackActor"
"Pakuri/Assets/Scripts/NewCore/Combat/Skills/Actors/BuffActor.cs","False","Pakuri/Assets/Scripts/NewCore/Combat/Skills/Actors/BuffActor.cs.meta","f55f027e0c5c80a4baba6a0a440d450c","c387821f12163ebf0de7cc748f4382392efb69c4d3a74a81881e513a3078b32e","Pakuri.NewCore.Combat.Skills.Actors","BuffActor"
"Pakuri/Assets/Scripts/NewCore/Combat/Skills/Actors/LineAttackActor.cs","False","Pakuri/Assets/Scripts/NewCore/Combat/Skills/Actors/LineAttackActor.cs.meta","d4e06a20f917ef246bfbf1247cdc9245","817ffbc7eb91906ffe0387fddb29a42ff0097c9ed75acb88bf0975af93d5809a","Pakuri.NewCore.Combat.Skills.Actors","LineAttackActor"
"Pakuri/Assets/Scripts/NewCore/Combat/Skills/Actors/ProjectileActor.cs","False","Pakuri/Assets/Scripts/NewCore/Combat/Skills/Actors/ProjectileActor.cs.meta","2cf0fdb91ed0bf04ab395a4fbea59da6","05c5b8662d37ad62eb058e65d56df35581c91d8329740ffca0bc9f63d3266f71","Pakuri.NewCore.Combat.Skills.Actors","ProjectileActor"
"Pakuri/Assets/Scripts/NewCore/Combat/Skills/Actors/ScheduledSkillActor.cs","False","Pakuri/Assets/Scripts/NewCore/Combat/Skills/Actors/ScheduledSkillActor.cs.meta","db480316602cf7f4bac3ca88be5cb548","7a05406f6ebc883dd421557a8133a679d04c23136b4094fb1ed9f61439badf24","Pakuri.NewCore.Combat.Skills.Actors","ScheduledSkillActor"
"Pakuri/Assets/Scripts/NewCore/Combat/Skills/Actors/SingleAttackActor.cs","False","Pakuri/Assets/Scripts/NewCore/Combat/Skills/Actors/SingleAttackActor.cs.meta","3bb0e9ec2756eaa4eaf4e9133b849210","dac21ea5f4dc6617a0849ce6ebe9903887f64aa3adb7b90ed306c4fd582b5e45","Pakuri.NewCore.Combat.Skills.Actors","SingleAttackActor"
"Pakuri/Assets/Scripts/NewCore/Combat/Skills/Actors/SkillActor.cs","False","Pakuri/Assets/Scripts/NewCore/Combat/Skills/Actors/SkillActor.cs.meta","ef2b03ac16bffbe4db1eeb523906df67","57cd2bf690c702b53a0999b62cc2e2775a8ca162f95f3832918449946d528962","Pakuri.NewCore.Combat.Skills.Actors","SkillActor"
"Pakuri/Assets/Scripts/NewCore/Combat/Skills/Actors/SkillActorManager.cs","False","Pakuri/Assets/Scripts/NewCore/Combat/Skills/Actors/SkillActorManager.cs.meta","e36be2921d014fc4fb8f74e4c58c236d","7a86836119f195c2639e77de928233ba1cf060883a108beec1d0d45f2fdcdf56","Pakuri.NewCore.Combat.Skills.Actors","SkillActorManager"
"Pakuri/Assets/Scripts/NewCore/Combat/Skills/Actors/TimedSkillActor.cs","False","Pakuri/Assets/Scripts/NewCore/Combat/Skills/Actors/TimedSkillActor.cs.meta","27f46991cd08a264e826f2a496263608","03007fd1c11b0948e066340ab35ef200b0535643f5313e7cd3881c9c3ce7ca3d","Pakuri.NewCore.Combat.Skills.Actors","TimedSkillActor"
"Pakuri/Assets/Scripts/NewCore/Combat/Skills/Execution/AreaAttackExecutor.cs","False","Pakuri/Assets/Scripts/NewCore/Combat/Skills/Execution/AreaAttackExecutor.cs.meta","ab4b3024482546048aaf8c19955ce829","7c4b9398c756a5675adf8ab45c12e594e6cf9eb90f27d408c816a34ec1dfcd50","Pakuri.NewCore.Combat.Skills.Execution","AreaAttackExecutor"
"Pakuri/Assets/Scripts/NewCore/Combat/Skills/Execution/BuffExecutor.cs","False","Pakuri/Assets/Scripts/NewCore/Combat/Skills/Execution/BuffExecutor.cs.meta","f5363e01b5aba7146862c51a888abb3c","c1a755a12bb874b8c8d33c2fe99d436358ac240a182fdbb29554ee04ed8c78fe","Pakuri.NewCore.Combat.Skills.Execution","BuffExecutor"
"Pakuri/Assets/Scripts/NewCore/Combat/Skills/Execution/HealExecutor.cs","False","Pakuri/Assets/Scripts/NewCore/Combat/Skills/Execution/HealExecutor.cs.meta","095294add34639e449a1e62a5f1affda","d0c1e46640f3b27d24d2e563dd1dff8dda7dc76d7582550b5b3b88eddc135a3f","Pakuri.NewCore.Combat.Skills.Execution","HealExecutor"
"Pakuri/Assets/Scripts/NewCore/Combat/Skills/Execution/LineAttackExecutor.cs","False","Pakuri/Assets/Scripts/NewCore/Combat/Skills/Execution/LineAttackExecutor.cs.meta","315d68e2daf3c11418dc5cb6e9f2f56c","06c4c278b326ad29280a75fba9520725ca8a882bbbb4277ae057c5040f98bb39","Pakuri.NewCore.Combat.Skills.Execution","LineAttackExecutor"
"Pakuri/Assets/Scripts/NewCore/Combat/Skills/Execution/PassiveExecutor.cs","False","Pakuri/Assets/Scripts/NewCore/Combat/Skills/Execution/PassiveExecutor.cs.meta","3219e4dd1851bdc4888c0afc71429621","d15dce48c6f17f2469572a2244eb31a49698294268feeb8be4f48753b556de5f","Pakuri.NewCore.Combat.Skills.Execution","PassiveExecutor"
"Pakuri/Assets/Scripts/NewCore/Combat/Skills/Execution/ProjectileExecutor.cs","False","Pakuri/Assets/Scripts/NewCore/Combat/Skills/Execution/ProjectileExecutor.cs.meta","d68c88bb2c0ac9b4db7c21f07924a223","8ccba77f8316d6a293badb47d88b91ceb6574a96fe0624a0cb4a7ff7c3d72bc6","Pakuri.NewCore.Combat.Skills.Execution","ProjectileExecutor"
"Pakuri/Assets/Scripts/NewCore/Combat/Skills/Execution/ShieldExecutor.cs","False","Pakuri/Assets/Scripts/NewCore/Combat/Skills/Execution/ShieldExecutor.cs.meta","64d89f5a347517b4cb3ff7b1d1706a75","494294dfa7abfda438034ba9f6ea275016a79ac1211419fd07ce82397d6d35d3","Pakuri.NewCore.Combat.Skills.Execution","ShieldExecutor"
"Pakuri/Assets/Scripts/NewCore/Combat/Skills/Execution/SingleAttackExecutor.cs","False","Pakuri/Assets/Scripts/NewCore/Combat/Skills/Execution/SingleAttackExecutor.cs.meta","19823e9d94a73544797cca7aeeb0f28e","1789210510dac35c71c7e5652246e47b5ba855e329ae13eb2e0771c3f0ac558c","Pakuri.NewCore.Combat.Skills.Execution","SingleAttackExecutor"
"Pakuri/Assets/Scripts/NewCore/Combat/Skills/Execution/SkillEffectGraphRuntime.cs","False","Pakuri/Assets/Scripts/NewCore/Combat/Skills/Execution/SkillEffectGraphRuntime.cs.meta","2663fc94658457d4c9eae8a25c1a5059","f13e4419e964ddc2b10a89f79dd17e23f4644de0193014c8b05b823e19e491fc","Pakuri.NewCore.Combat.Skills.Execution","SkillEffectGraphRuntime"
"Pakuri/Assets/Scripts/NewCore/Combat/Skills/Execution/SkillExecutionPlan.cs","False","Pakuri/Assets/Scripts/NewCore/Combat/Skills/Execution/SkillExecutionPlan.cs.meta","8db14276ff5965648a2b32d45c94713c","5b8cea000ae007080fb291fa2b44dcb9f19a23bef27969aff0241f97bc04006b","Pakuri.NewCore.Combat.Skills.Execution","SkillExecutionPlan"
"Pakuri/Assets/Scripts/NewCore/Combat/Skills/Execution/SkillExecutionRequest.cs","False","Pakuri/Assets/Scripts/NewCore/Combat/Skills/Execution/SkillExecutionRequest.cs.meta","cf8d110526bc85048ad996d662c96843","375d3649b8b430ab595b764a837fa3d6a3cd1387b4273fac5a2ee1f00e622001","Pakuri.NewCore.Combat.Skills.Execution","SkillExecutionRequest"
"Pakuri/Assets/Scripts/NewCore/Combat/Skills/Execution/SkillExecutionRuntime.cs","False","Pakuri/Assets/Scripts/NewCore/Combat/Skills/Execution/SkillExecutionRuntime.cs.meta","c899e4e79885c2f4abd53a3f592a94fd","e42eda0f0b7f09951243ff6b580dee2c1da7d65839fffaece6804879bebb12ef","Pakuri.NewCore.Combat.Skills.Execution","SkillExecutionRuntime"
"Pakuri/Assets/Scripts/NewCore/Combat/Skills/Execution/SkillExecutor.cs","False","Pakuri/Assets/Scripts/NewCore/Combat/Skills/Execution/SkillExecutor.cs.meta","9971661208d578d4f9a3008db3ff1347","e0936bfafbf541ba0d8dbae09017b7ed6f76e6899771d9fc3f166c2939769a29","Pakuri.NewCore.Combat.Skills.Execution","SkillExecutor"
"Pakuri/Assets/Scripts/NewCore/Combat/Skills/Execution/SkillNodeSupport.cs","False","Pakuri/Assets/Scripts/NewCore/Combat/Skills/Execution/SkillNodeSupport.cs.meta","b6df3a582967933488c8630c25a71ad1","c5162284df0e09eecff21a95f0e72cc0029a2eb7268bfd8b705dc8c37826500e","Pakuri.NewCore.Combat.Skills.Execution","SkillNodeBehavior;SkillNodeSupport;SkillNodeRuntimeOwner"
"Pakuri/Assets/Scripts/NewCore/Combat/Skills/Execution/SkillTargeting.cs","False","Pakuri/Assets/Scripts/NewCore/Combat/Skills/Execution/SkillTargeting.cs.meta","38ade7d21e3c691418ba9494e350f24e","8851651b58e3f0db0f8acd070927d296ce2ede02264fff25e7cd976adfa2bc1f","Pakuri.NewCore.Combat.Skills.Execution","SkillTargeting"
"Pakuri/Assets/Scripts/NewCore/Combat/Skills/Execution/SkillTriggerDispatcher.cs","False","Pakuri/Assets/Scripts/NewCore/Combat/Skills/Execution/SkillTriggerDispatcher.cs.meta","8f9cd16b391d8db4ab217a3a08bbf655","59ae959c29f1e27715fd5d983e809f58b251e5544ffb0817037a84e607b5c456","Pakuri.NewCore.Combat.Skills.Execution","SkillTriggerEvaluationResult;SkillTriggerDispatcher"
"Pakuri/Assets/Scripts/NewCore/Combat/Skills/Execution/SkillTriggerSupport.cs","False","Pakuri/Assets/Scripts/NewCore/Combat/Skills/Execution/SkillTriggerSupport.cs.meta","c286177fce36cc2449dae2d51f7159cf","cda7880b6312f6f55582e612da3cb1dd0d73f6069e082026eb4884e1042a838e","Pakuri.NewCore.Combat.Skills.Execution","SkillTriggerSupport"
"Pakuri/Assets/Scripts/NewCore/Combat/Skills/Runtime/EnemySkillBucket.cs","False","Pakuri/Assets/Scripts/NewCore/Combat/Skills/Runtime/EnemySkillBucket.cs.meta","0e35ac7a7626c0544a4cc71234123d29","79f5a5beb416ae099e27d133f10e6d4340f05a11687ed40db1078ce9a7e4c9bf","Pakuri.NewCore.Combat.Skills.Runtime","EnemySkillBucket"
"Pakuri/Assets/Scripts/NewCore/Combat/Skills/Runtime/MonsterSkillBucket.cs","False","Pakuri/Assets/Scripts/NewCore/Combat/Skills/Runtime/MonsterSkillBucket.cs.meta","614db8c9270b7af4bae72405d501b462","bf1694e432b23531b8ba1c15be932f415d7330b0402e45fc476e4d536d22b857","Pakuri.NewCore.Combat.Skills.Runtime","MonsterSkillBucket"
"Pakuri/Assets/Scripts/NewCore/Combat/Skills/Runtime/SkillBucket.cs","False","Pakuri/Assets/Scripts/NewCore/Combat/Skills/Runtime/SkillBucket.cs.meta","0d90a96d8ffbba940a08651d18268ef4","1aa96d7443bba5a9d1aeef43a6e536bebe55265bccd16bfedfde31c3b0521d37","Pakuri.NewCore.Combat.Skills.Runtime","SkillBucket"
"Pakuri/Assets/Scripts/NewCore/Combat/Skills/Runtime/SkillCooldown.cs","False","Pakuri/Assets/Scripts/NewCore/Combat/Skills/Runtime/SkillCooldown.cs.meta","d05da7c0dda83544c932943b758e9959","a008a4e225abba441021c48eac826a6196c7d293fa546bcd6b3a84fa3b587c4a","Pakuri.NewCore.Combat.Skills.Runtime","SkillCooldown"
"Pakuri/Assets/Scripts/NewCore/Combat/Status/RuntimeCombatModifier.cs","False","Pakuri/Assets/Scripts/NewCore/Combat/Status/RuntimeCombatModifier.cs.meta","be8779e639f9fb2489a2c51b3a38b7c6","5032e3214bdb965f68e633c64036904a4c8ac560adb0d3147b51363e54a732a4","Pakuri.NewCore.Combat.Status","RuntimeCombatModifier"
"Pakuri/Assets/Scripts/NewCore/Combat/Status/StatusEffect.cs","False","Pakuri/Assets/Scripts/NewCore/Combat/Status/StatusEffect.cs.meta","91bc7f26241015e4a93121e4efd16baa","b6595a7007c959711cea402d198a2b9e2a384a409c0ef35e5cd0e0751607804d","Pakuri.NewCore.Combat.Status","StatusEffect"
"Pakuri/Assets/Scripts/NewCore/Core/Bootstrap/GameBootstrap.cs","False","Pakuri/Assets/Scripts/NewCore/Core/Bootstrap/GameBootstrap.cs.meta","d9263b35d4747084d91847fe80e8ca82","61994b9ed8f7d73d8f915fbc63a117397823131e636eaa2ff92e98ee006f79a4","Pakuri.NewCore.Bootstrap","GameBootstrap"
"Pakuri/Assets/Scripts/NewCore/Core/Catalog/GameDefinitionCatalog.cs","False","Pakuri/Assets/Scripts/NewCore/Core/Catalog/GameDefinitionCatalog.cs.meta","5d9cbc0a3b5c3d64f98c59232325d331","aece4ba1a0a10a97ec91dbdf022be6aeff3c729b0ce82195f1a3193e60d127b6","Pakuri.NewCore.Catalog","GameDefinitionCatalog"
"Pakuri/Assets/Scripts/NewCore/Core/Definitions/Choices/ChoiceNodeDefinition.cs","False","Pakuri/Assets/Scripts/NewCore/Core/Definitions/Choices/ChoiceNodeDefinition.cs.meta","e181b9f2476f4044ebb20779daf9a76b","3e0a78adf435176ed6aeacf7692cab0b405c32e1b28b8781609593cfb39a1d88","Pakuri.NewCore.Definitions.Choices","ChoiceNodeDefinition"
"Pakuri/Assets/Scripts/NewCore/Core/Definitions/Choices/MonsterModifierSkillChoiceDefinition.cs","False","Pakuri/Assets/Scripts/NewCore/Core/Definitions/Choices/MonsterModifierSkillChoiceDefinition.cs.meta","6de311743465b644cada8a1f431362cb","fe30d2e1a8d897cc8684855ab83e7a7e68f40453072753b633244ed35ad5b773","Pakuri.NewCore.Definitions.Choices","MonsterModifierSkillChoiceDefinition"
"Pakuri/Assets/Scripts/NewCore/Core/Definitions/Choices/NodeParamDefinition.cs","False","Pakuri/Assets/Scripts/NewCore/Core/Definitions/Choices/NodeParamDefinition.cs.meta","c8c914788b515574c98ac8b1a0fa2977","6c8b37d57d369cf902157bed17a0d4445c344e91aa90f8d90b3db7f3e613cbec","Pakuri.NewCore.Definitions.Choices","NodeParamDefinition"
"Pakuri/Assets/Scripts/NewCore/Core/Definitions/Choices/NodeTypeDefinition.cs","False","Pakuri/Assets/Scripts/NewCore/Core/Definitions/Choices/NodeTypeDefinition.cs.meta","9d41e1141c52cd540827e06d295e394a","d318408ae329b59ae5d42f0987afc669540b28708f572214048059bdc02dcee5","Pakuri.NewCore.Definitions.Choices","NodeTypeDefinition"
"Pakuri/Assets/Scripts/NewCore/Core/Definitions/Choices/SkillChoiceDefinition.cs","False","Pakuri/Assets/Scripts/NewCore/Core/Definitions/Choices/SkillChoiceDefinition.cs.meta","0876fa04d3aaf5e4eacee86c4a7d17aa","376a1fb057feae1b949ba318fbffbab2b867e2fc7cdc794b21449bcb155a7285","Pakuri.NewCore.Definitions.Choices","SkillChoiceDefinition"
"Pakuri/Assets/Scripts/NewCore/Core/Definitions/CsvDefinition.cs","False","Pakuri/Assets/Scripts/NewCore/Core/Definitions/CsvDefinition.cs.meta","0e357b0a67153bc4bb5d90679d54c3f9","09ba21325913ead4722994b5249ac5a78e147aeb9aee2f59d0c24a4576f4dde1","Pakuri.NewCore.Definitions","CsvDefinition;CsvDefinitionData"
"Pakuri/Assets/Scripts/NewCore/Core/Definitions/Skills/AreaAttackDefinition.cs","False","Pakuri/Assets/Scripts/NewCore/Core/Definitions/Skills/AreaAttackDefinition.cs.meta","a20d20a981febf54ab3a986137ea669e","fe122fd32236a67796928043d749ea78da06c15c89d76f60c7e1a311f0a7f4e1","Pakuri.NewCore.Definitions.Skills","AreaAttackDefinition"
"Pakuri/Assets/Scripts/NewCore/Core/Definitions/Skills/BuffDefinition.cs","False","Pakuri/Assets/Scripts/NewCore/Core/Definitions/Skills/BuffDefinition.cs.meta","f13bc4de8d7a04640851776cb2bdecfe","72b93d42e9c47e36d11394ad83afc3917eca585c2c0f933081942442fa3361ac","Pakuri.NewCore.Definitions.Skills","BuffDefinition"
"Pakuri/Assets/Scripts/NewCore/Core/Definitions/Skills/HealDefinition.cs","False","Pakuri/Assets/Scripts/NewCore/Core/Definitions/Skills/HealDefinition.cs.meta","93b198b6f6ae6c94794140e99d2d62ad","22d5779738b3ed54b2b495de376bfa577c9418545e9d81d66d7156af5f04d02a","Pakuri.NewCore.Definitions.Skills","HealDefinition"
"Pakuri/Assets/Scripts/NewCore/Core/Definitions/Skills/LineAttackDefinition.cs","False","Pakuri/Assets/Scripts/NewCore/Core/Definitions/Skills/LineAttackDefinition.cs.meta","da3a3978a068e134d83a36fd427e3fd1","d5650cb82b23ee7f420ae41aa4739d5f7544b502f0c0c9fa00ce362fbe2253c4","Pakuri.NewCore.Definitions.Skills","LineAttackDefinition"
"Pakuri/Assets/Scripts/NewCore/Core/Definitions/Skills/PassiveDefinition.cs","False","Pakuri/Assets/Scripts/NewCore/Core/Definitions/Skills/PassiveDefinition.cs.meta","180355d91ac88044aae12a76b3a72bb1","d843f43d4a4748734189b4e5577a33550616cc25a6424e3f6426aeea0bc25e57","Pakuri.NewCore.Definitions.Skills","PassiveDefinition"
"Pakuri/Assets/Scripts/NewCore/Core/Definitions/Skills/ProjectileDefinition.cs","False","Pakuri/Assets/Scripts/NewCore/Core/Definitions/Skills/ProjectileDefinition.cs.meta","685d649764242d148928efb1724913a8","e3970f9b3913f2ad8ea85c09674c3e0bb573cb33244567a136a84409b0482071","Pakuri.NewCore.Definitions.Skills","ProjectileDefinition"
"Pakuri/Assets/Scripts/NewCore/Core/Definitions/Skills/ShieldDefinition.cs","False","Pakuri/Assets/Scripts/NewCore/Core/Definitions/Skills/ShieldDefinition.cs.meta","b6a1da8b1a4a63447b99f781cc79a30a","995e275fa401fb5a8d76c486635a14765b60c70ff7379d128bb7d39b670c4caa","Pakuri.NewCore.Definitions.Skills","ShieldDefinition"
"Pakuri/Assets/Scripts/NewCore/Core/Definitions/Skills/SingleAttackDefinition.cs","False","Pakuri/Assets/Scripts/NewCore/Core/Definitions/Skills/SingleAttackDefinition.cs.meta","1a0a1a5d7cf2f0a47ae0d095970517fe","5cc70c57fb1908c7bcb4da0c41cd6519dfea3c63c62d077c4a0073d7be37212f","Pakuri.NewCore.Definitions.Skills","SingleAttackDefinition"
"Pakuri/Assets/Scripts/NewCore/Core/Definitions/Skills/SkillDefinition.cs","False","Pakuri/Assets/Scripts/NewCore/Core/Definitions/Skills/SkillDefinition.cs.meta","48722091e2cf6604883436b31d5c1b3d","689205b6e1349432a7ff2a9225f4c409c33438899d83954cc29a139f39283ee2","Pakuri.NewCore.Definitions.Skills","SkillDefinition"
"Pakuri/Assets/Scripts/NewCore/Core/Definitions/Skills/SkillTriggerDefinition.cs","False","Pakuri/Assets/Scripts/NewCore/Core/Definitions/Skills/SkillTriggerDefinition.cs.meta","31949889616615441835f84bc4012553","4ea93f0aef0c580897bc7aed59b199a88c5e868386ad7935d80aece74466ea56","Pakuri.NewCore.Definitions.Skills","SkillTriggerDefinition"
"Pakuri/Assets/Scripts/NewCore/Core/Definitions/Stage/StageDayDefinition.cs","False","Pakuri/Assets/Scripts/NewCore/Core/Definitions/Stage/StageDayDefinition.cs.meta","45800e278b7330e448e013909280b8c7","c02b86d439d5dafb5d7be7b432f4603d629c870bdcb31484639da8f912453761","Pakuri.NewCore.Definitions.Stage","StageDayDefinition"
"Pakuri/Assets/Scripts/NewCore/Core/Definitions/Stage/StageDefinition.cs","False","Pakuri/Assets/Scripts/NewCore/Core/Definitions/Stage/StageDefinition.cs.meta","875190bf7bfe49943ac0b4e4029e2a94","cde9db8c6736e8151c9a6ba9dc9aa304e7fbf92b5846b5587af91510e186bbed","Pakuri.NewCore.Definitions.Stage","StageDefinition"
"Pakuri/Assets/Scripts/NewCore/Core/Definitions/Stage/StageEncounterDefinition.cs","False","Pakuri/Assets/Scripts/NewCore/Core/Definitions/Stage/StageEncounterDefinition.cs.meta","01228d6fe77339441982f3e7e56e9b99","0f27b7df044db8c679a31f2b82de1e703431708963d2f4043838499855176bbf","Pakuri.NewCore.Definitions.Stage","StageEncounterDefinition"
"Pakuri/Assets/Scripts/NewCore/Core/Definitions/Stage/StageRewardDefinition.cs","False","Pakuri/Assets/Scripts/NewCore/Core/Definitions/Stage/StageRewardDefinition.cs.meta","9a20ddbb69fc9e841803bc005ee6e6db","2e6f8bc50846ee9ddcb60ac096913966c916da7f33b8d9659b92e97f20c40629","Pakuri.NewCore.Definitions.Stage","StageRewardDefinition"
"Pakuri/Assets/Scripts/NewCore/Core/Definitions/Status/StatusDefinition.cs","False","Pakuri/Assets/Scripts/NewCore/Core/Definitions/Status/StatusDefinition.cs.meta","c9a31951383179344bd6394f0b79240c","bdafd40bbe1be542fe6c886a1dca0eb4900b674118d01b7d206b081ae6ec7f15","Pakuri.NewCore.Definitions.Status","StatusDefinition"
"Pakuri/Assets/Scripts/NewCore/Core/Definitions/Units/CatalogMonsterDefinition.cs","False","Pakuri/Assets/Scripts/NewCore/Core/Definitions/Units/CatalogMonsterDefinition.cs.meta","c11566aa831d53d4c89dbe3da3092722","31a6cb1c51e2bacb417a6897455e5b2d37eaae1c3c44fc9639bc12bb4d34ac02","Pakuri.NewCore.Definitions.Units","CatalogMonsterDefinition"
"Pakuri/Assets/Scripts/NewCore/Core/Definitions/Units/EnemyDefinition.cs","False","Pakuri/Assets/Scripts/NewCore/Core/Definitions/Units/EnemyDefinition.cs.meta","cb88d4941fbc1ac4b91dec96ca7ffd4c","deb3f1d42a16438c87e7dca69294a95f906d3f96ff40dcde5ba9521bcfa462d4","Pakuri.NewCore.Definitions.Units","EnemyDefinition"
"Pakuri/Assets/Scripts/NewCore/Core/Definitions/Units/MonsterDefinition.cs","False","Pakuri/Assets/Scripts/NewCore/Core/Definitions/Units/MonsterDefinition.cs.meta","d13430f363ea1b449b17f605d0f02110","ff6e2f31c4cfb527200f4c4db991f77ae75ad15d0720dc0ed66b498b83e280eb","Pakuri.NewCore.Definitions.Units","MonsterDefinition"
"Pakuri/Assets/Scripts/NewCore/Core/Definitions/Units/UnitDefinition.cs","False","Pakuri/Assets/Scripts/NewCore/Core/Definitions/Units/UnitDefinition.cs.meta","9b231d3f3ffa9e1449cf47a792acda75","176f479bdc97af7b48640caa45d2c1220c2630429596522f19437ecd230c7d56","Pakuri.NewCore.Definitions.Units","UnitDefinition"
"Pakuri/Assets/Scripts/NewCore/Core/Parsing/CsvParser.cs","False","Pakuri/Assets/Scripts/NewCore/Core/Parsing/CsvParser.cs.meta","fc671dd46d7100e4b8117ce0296ae8c5","671d68719468649546c716e46ffa9fd019e64f40d2791e8e61a504279aa84f64","Pakuri.NewCore.Parsing","CsvParser;ParsedTable;ParsedRow;RawRecord"
"Pakuri/Assets/Scripts/NewCore/Core/Tests/Editor/NewCoreCombatLoopTests.cs","True","Pakuri/Assets/Scripts/NewCore/Core/Tests/Editor/NewCoreCombatLoopTests.cs.meta","9e0584c424f70b544a5b96abffbf463f","e5ca24d7936329f8e0d7834e4829d8746b425c6e3d7df0944fc1b19f30013d64","Pakuri.NewCore.Tests","NewCoreCombatLoopTests;RuntimeFixture"
"Pakuri/Assets/Scripts/NewCore/Core/Tests/Editor/NewCoreDataFoundationTests.cs","True","Pakuri/Assets/Scripts/NewCore/Core/Tests/Editor/NewCoreDataFoundationTests.cs.meta","2b340e1781d1eb441b7d6d2038be58ae","1fa01d8aa2c0900bdfb59840f856d979f28ba74a2b51d98c0fed96030bcd4ab7","Pakuri.NewCore.Tests","NewCoreDataFoundationTests"
"Pakuri/Assets/Scripts/NewCore/Core/Tests/Editor/NewCorePresentationTests.cs","True","Pakuri/Assets/Scripts/NewCore/Core/Tests/Editor/NewCorePresentationTests.cs.meta","23fb55ed5aeb90048bb8dec3f99f785d","d607260ee797523b093d37c67ded733ba63f2a7949c54a3c28cc3581b75e1e0a","Pakuri.NewCore.Tests","NewCorePresentationTests"
"Pakuri/Assets/Scripts/NewCore/Core/Tests/Editor/NewCoreRunFlowTests.cs","True","Pakuri/Assets/Scripts/NewCore/Core/Tests/Editor/NewCoreRunFlowTests.cs.meta","fb287a1adfa48004a837aee79e44d00d","78d1fac77b3e090280a3e622e24b4ecfa2b81060e6d8688c8206614cc63dde59","Pakuri.NewCore.Tests","NewCoreRunFlowTests;RunFixture"
"Pakuri/Assets/Scripts/NewCore/Core/Tests/Editor/NewCoreRuntimeStateTests.cs","True","Pakuri/Assets/Scripts/NewCore/Core/Tests/Editor/NewCoreRuntimeStateTests.cs.meta","82894e0d0f0f7284dac920cd3ece6453","e7e32196acf54c159b59a1558615e89eb555ed1f3a21f9b844f0f198b22b9173","Pakuri.NewCore.Tests","NewCoreRuntimeStateTests"
"Pakuri/Assets/Scripts/NewCore/Presentation/Actors/DamageNumberPopupBehaviour.cs","False","Pakuri/Assets/Scripts/NewCore/Presentation/Actors/DamageNumberPopupBehaviour.cs.meta","879a27bbf0724a49b5ec3c9d42d9078f","1bbbd318e7f2b56af124534fa8564c6612fa66c19a3b6a111172211de82f530f","Pakuri.NewCore.Presentation.Actors","DamageNumberPopupBehaviour;Popup"
"Pakuri/Assets/Scripts/NewCore/Presentation/Actors/EnemyActorBehaviour.cs","False","Pakuri/Assets/Scripts/NewCore/Presentation/Actors/EnemyActorBehaviour.cs.meta","c82c4da6aacba674f864c62da59bf109","3d5550f2b058bf2ab0789b1b5e141a634030afe7637d513a269053c58ef5ea45","Pakuri.NewCore.Presentation.Actors","EnemyActorBehaviour"
"Pakuri/Assets/Scripts/NewCore/Presentation/Actors/MonsterActorBehaviour.cs","False","Pakuri/Assets/Scripts/NewCore/Presentation/Actors/MonsterActorBehaviour.cs.meta","563a47fcaccf140499efb7f222c0c006","6800237dab48a2cafd46d67eaa64abe1485cb993e715c23649df08ad98a102bc","Pakuri.NewCore.Presentation.Actors","MonsterActorBehaviour"
"Pakuri/Assets/Scripts/NewCore/Presentation/Actors/MonsterAnimationBehaviour.cs","False","Pakuri/Assets/Scripts/NewCore/Presentation/Actors/MonsterAnimationBehaviour.cs.meta","ac027aa8c5506d5488ec4c797833239d","a99ad9fe2780afc218caebdcee2d7446a42abf9c9febd2927e604aa8d8c36753","Pakuri.NewCore.Presentation.Actors","MonsterAnimationBehaviour"
"Pakuri/Assets/Scripts/NewCore/Presentation/Actors/NexusActorBehaviour.cs","False","Pakuri/Assets/Scripts/NewCore/Presentation/Actors/NexusActorBehaviour.cs.meta","dde153838e2141945aa1f7cc523f7717","e03fa261d9014a558d0a064f55f8c36e33d333df7701465a6075d5637bf6400b","Pakuri.NewCore.Presentation.Actors","NexusActorBehaviour"
"Pakuri/Assets/Scripts/NewCore/Presentation/Actors/SkillVisualActorBehaviour.cs","False","Pakuri/Assets/Scripts/NewCore/Presentation/Actors/SkillVisualActorBehaviour.cs.meta","c29622d2ef50bc34e953b2cd9876644f","bc0f059fdb09526c8754b43fef62f0b0aaf12e893a8fab5a1934065839e6ae63","Pakuri.NewCore.Presentation.Actors","SkillVisualActorBehaviour"
"Pakuri/Assets/Scripts/NewCore/Presentation/Actors/UnitActorBehaviour.cs","False","Pakuri/Assets/Scripts/NewCore/Presentation/Actors/UnitActorBehaviour.cs.meta","910185fae1feafb4a99a44a988ef7cd6","e1be10bae9f5dc12adb53776bc4fa916c0e2d8f5cdbc123fe1ef044fc7616753","Pakuri.NewCore.Presentation.Actors","UnitActorBehaviour;UnitWorldView"
"Pakuri/Assets/Scripts/NewCore/Presentation/Assets/NewCoreRuntimeCatalogAsset.cs","False","Pakuri/Assets/Scripts/NewCore/Presentation/Assets/NewCoreRuntimeCatalogAsset.cs.meta","6d9b293472613b242b8a3c359d02a496","66476e7b912270495d0a1ed90293b8c02e5eb82d4c615830bd4c4014967345a5","Pakuri.NewCore.Presentation.Assets","NewCoreRuntimeCatalogAsset;SpriteEntry;PrefabEntry;AnimatorControllerEntry"
"Pakuri/Assets/Scripts/NewCore/Presentation/Assets/RunStartSelectionAsset.cs","False","Pakuri/Assets/Scripts/NewCore/Presentation/Assets/RunStartSelectionAsset.cs.meta","da22dc09447e20c4ea34d3d04f395c38","8e652431b6049d715f3dade1b3df4c6f90e4d199aa5b614bd6eb77abc0ce14bd","Pakuri.NewCore.Presentation.Assets","RunStartSelectionAsset"
"Pakuri/Assets/Scripts/NewCore/Presentation/Scene/NewCoreEffectView.cs","False","Pakuri/Assets/Scripts/NewCore/Presentation/Scene/NewCoreEffectView.cs.meta","748fd1c9d9b75de40b51291026eb4180","2945ca025bc61dac7d147657caf2bf819fce342b8e40e8aca92cb8102712cb5d","Pakuri.NewCore.Presentation.Scene","NewCoreEffectView"
"Pakuri/Assets/Scripts/NewCore/Presentation/Scene/NewCoreInputController.cs","False","Pakuri/Assets/Scripts/NewCore/Presentation/Scene/NewCoreInputController.cs.meta","4717eeab25417eb4eba081006c884d45","2f538bec1c284b31961f922e8d197bc22e0b113e58700face02278f251a92791","Pakuri.NewCore.Presentation.Scene","NewCoreInputController"
"Pakuri/Assets/Scripts/NewCore/Presentation/Scene/NewCoreSceneRuntime.cs","False","Pakuri/Assets/Scripts/NewCore/Presentation/Scene/NewCoreSceneRuntime.cs.meta","5bc74f204a88b16499661050ce2eee8b","b7b358ff7ff48d54e62287737cb554d28034212c740a68638cb1ee5f113e7ca3","Pakuri.NewCore.Presentation.Scene","NewCoreSceneRuntime"
"Pakuri/Assets/Scripts/NewCore/Presentation/Scene/NewCoreSpawnController.cs","False","Pakuri/Assets/Scripts/NewCore/Presentation/Scene/NewCoreSpawnController.cs.meta","119dd9f412ed3074ab18f6e8ac562b9d","5ef7c1c4b0f7392b6798a21fd4d3fd452d95f7aa34bc2dbb5708b15201a59b5d","Pakuri.NewCore.Presentation.Scene","NewCoreSpawnController;EnemyPrefabBinding;PartyRosterIndex"
"Pakuri/Assets/Scripts/NewCore/Presentation/Scene/NewCoreStageController.cs","False","Pakuri/Assets/Scripts/NewCore/Presentation/Scene/NewCoreStageController.cs.meta","fa9a3193209459a4d9b2e27b12b3e0e8","42dc7ca064a1c740224d963c7210983c6fbd8121260c114802e8efdbdb3453fd","Pakuri.NewCore.Presentation.Scene","NewCoreStageController"
"Pakuri/Assets/Scripts/NewCore/Presentation/UI/NewCoreDamageMeterTracker.cs","False","Pakuri/Assets/Scripts/NewCore/Presentation/UI/NewCoreDamageMeterTracker.cs.meta","c5941ffe8ee82574d86feeb206b24003","05b08ba9e9d1e2b2ba5260f2ae3b859290201fb3da9993fd34d38fcb6f38d65c","Pakuri.NewCore.Presentation.UI","NewCoreDamageMeterTracker;DamageRecord;DamageSourceRecord"
"Pakuri/Assets/Scripts/NewCore/Presentation/UI/NewCoreDamageMeterUIController.cs","False","Pakuri/Assets/Scripts/NewCore/Presentation/UI/NewCoreDamageMeterUIController.cs.meta","fe27bd183c0d2764d81180df525dbe02","9d0b3329f8dd25aeba8bc8fa74fd00d86357459d82472ca216b01483980a2697","Pakuri.NewCore.Presentation.UI","NewCoreDamageMeterUIController"
"Pakuri/Assets/Scripts/NewCore/Presentation/UI/NewCoreDebugUIController.cs","False","Pakuri/Assets/Scripts/NewCore/Presentation/UI/NewCoreDebugUIController.cs.meta","2bce5e2c5b698e14cae1e4849e349d9d","7c76dcee40d2cdf594ee47cdbad8934d5f934b633904e022372674b3544c9f0c","Pakuri.NewCore.Presentation.UI","NewCoreDebugUIController"
"Pakuri/Assets/Scripts/NewCore/Presentation/UI/NewCoreInGameUIController.cs","False","Pakuri/Assets/Scripts/NewCore/Presentation/UI/NewCoreInGameUIController.cs.meta","a29b50b3033957d438458097cb36ab39","d20ea96986a5e2f685a161606443ff2ee38d528f6b61f5d963311f2eb2989792","Pakuri.NewCore.Presentation.UI","NewCoreInGameUIController"
"Pakuri/Assets/Scripts/NewCore/Presentation/UI/NewCoreMainMenuController.cs","False","Pakuri/Assets/Scripts/NewCore/Presentation/UI/NewCoreMainMenuController.cs.meta","911e7b0e2aa03f5458d7e1f3eb8ba0b8","da6820a312d440304e2faf1f64f2536ef647c6bd0b0acc94f00ea0e4493f6671","Pakuri.NewCore.Presentation.UI","NewCoreMainMenuController"
"Pakuri/Assets/Scripts/NewCore/Presentation/UI/NewCoreMonsterPanelUI.cs","False","Pakuri/Assets/Scripts/NewCore/Presentation/UI/NewCoreMonsterPanelUI.cs.meta","2f44f2a0207642e4c855b7ef2f79fdde","cf3ed90f97c13b6ecb8aef2ae256792a4cd979f640fa1332f39375ec85c94018","Pakuri.NewCore.Presentation.UI","NewCoreMonsterPanelUI"
"Pakuri/Assets/Scripts/NewCore/Presentation/UI/NewCoreUtilityPanelController.cs","False","Pakuri/Assets/Scripts/NewCore/Presentation/UI/NewCoreUtilityPanelController.cs.meta","54c99cf97c7c1254e8f171e928b4f75d","309f5eed5d7480dc46a314986231c95b2ce30b76236701378a835e5eee555938","Pakuri.NewCore.Presentation.UI","NewCoreUtilityPanelController"
"Pakuri/Assets/Scripts/NewCore/Run/PartyRoster.cs","False","Pakuri/Assets/Scripts/NewCore/Run/PartyRoster.cs.meta","ff5d8fb8125b3574582c37b5fe06230a","b89a9c78c3646848bf98acb53dde1c54461313226b68ed3782005fa4a35bac4b","Pakuri.NewCore.Run","PartyRoster"
"Pakuri/Assets/Scripts/NewCore/Run/PrisonerInventory.cs","False","Pakuri/Assets/Scripts/NewCore/Run/PrisonerInventory.cs.meta","97d6dd97d1155894493366590eaf5db8","0f7eb2eb9b4fa6ecef5e4b5dd69837274c50178cf1c84aa45b709eaf2715bfbc","Pakuri.NewCore.Run","Prisoner;PrisonerInventory"
"Pakuri/Assets/Scripts/NewCore/Run/RunSessionModel.cs","False","Pakuri/Assets/Scripts/NewCore/Run/RunSessionModel.cs.meta","54b0573136a43d84cb6d63181695a908","8b1ab531c50db2e3244372d0057855ef09fa5e412cd2eb00d5379af5201aa6c3","Pakuri.NewCore.Run","RewardProcessingState;RunResult;RunSessionModel"
"Pakuri/Assets/Scripts/NewCore/Run/Services/ManifestationService.cs","False","Pakuri/Assets/Scripts/NewCore/Run/Services/ManifestationService.cs.meta","5a4e5d281c055d5408aa34b58da13c4f","02b7e38c4a6d11e0e47d3a40d22803c8d3a9419040803280c7d23af1ff295afe","Pakuri.NewCore.Run.Services","ManifestationAttemptResult;ManifestationService"
"Pakuri/Assets/Scripts/NewCore/Run/Services/OfferingService.cs","False","Pakuri/Assets/Scripts/NewCore/Run/Services/OfferingService.cs.meta","c9cd03dc5fc4e3c4b85d94722e397832","9712e97dba08a91037b83947a5fa353a13c7dcdc9451b4e16ad33db4e3a3de6c","Pakuri.NewCore.Run.Services","OfferingCandidateKind;OfferingCandidate;OfferingOffer;OfferingService"
"Pakuri/Assets/Scripts/NewCore/Run/Services/RewardService.cs","False","Pakuri/Assets/Scripts/NewCore/Run/Services/RewardService.cs.meta","bbac5572c7561bd4f842f313eef7f522","2e568f9e4c3e0e63121b786fb938b98b5edeb1d1e48cb966a99e346365aecbbc","Pakuri.NewCore.Run.Services","RewardResult;RewardService"
"Pakuri/Assets/Scripts/NewCore/Run/StageManager.cs","False","Pakuri/Assets/Scripts/NewCore/Run/StageManager.cs.meta","c984a818af64a864696b0800ac0dcf75","a214ad60befadee92b0be249001db0fe31214bd67865559f3c1e98410c5fc47e","Pakuri.NewCore.Run","StageManager"
"Pakuri/Assets/Scripts/NewCore/Spawn/SpawnManager.cs","False","Pakuri/Assets/Scripts/NewCore/Spawn/SpawnManager.cs.meta","61539cf51eca507409f966df96153e16","46df63f67b9064dc7b189ba9be04802c3141b208f76fd4d368832b3701152143","Pakuri.NewCore.Spawn","SpawnedEnemyRecord;SpawnManager;SpawnEntry"
"Pakuri/Assets/Scripts/NewCore/Units/Models/CombatVector2.cs","False","Pakuri/Assets/Scripts/NewCore/Units/Models/CombatVector2.cs.meta","136dabe68a7eb1640b1b34947364a8ab","a9e6308122cabc4a66fe970d63d2a1a0d23faf5110c26c5cf155026a66f11112","Pakuri.NewCore.Units.Models",""
"Pakuri/Assets/Scripts/NewCore/Units/Models/EnemyModel.cs","False","Pakuri/Assets/Scripts/NewCore/Units/Models/EnemyModel.cs.meta","50169cc11db28a44e84ace988efc3783","e5b199caea31dc2c32338432bb4d24287a70b6676fc113730f9d3a5df4a1ef17","Pakuri.NewCore.Units.Models","EnemyModel"
"Pakuri/Assets/Scripts/NewCore/Units/Models/MonsterModel.cs","False","Pakuri/Assets/Scripts/NewCore/Units/Models/MonsterModel.cs.meta","119891f0e3095634a8d6f549f4ac06b5","f98f0001063c0cdb9ce95e400d0ca88b714e237470c4559c4da04a93cf376dde","Pakuri.NewCore.Units.Models","MonsterModel"
"Pakuri/Assets/Scripts/NewCore/Units/Models/NexusModel.cs","False","Pakuri/Assets/Scripts/NewCore/Units/Models/NexusModel.cs.meta","04bb6e0257501e8419cb8fb8bf4fb166","18b991efd975a7fdfd09734a4b76f05c718ebb4b2f626995d9d59de76599862a","Pakuri.NewCore.Units.Models","NexusModel"
"Pakuri/Assets/Scripts/NewCore/Units/Models/UnitBaseModel.cs","False","Pakuri/Assets/Scripts/NewCore/Units/Models/UnitBaseModel.cs.meta","53a7522b036573f4393fd55127b752a1","23c08ec76a6fbe146137d2da17a2a487e0afbc5995f50270331d59219b85c202","Pakuri.NewCore.Units.Models","UnitBaseModel;ShieldLayer"
